{
  "result": [
    {
      "time_stamp": 6.95317e-310,
      "cost": 9.4,
      "feasible": 0,
      "traj_feas": 0,
      "goal_feas": 0,
      "start_feas": 0,
      "col_feas": 0,
      "x_bounds_feas": 0,
      "u_bounds_feas": 0,
      "start": [],
      "goal": [],
      "max_jump": -1,
      "max_collision": -1,
      "goal_distance": -1,
      "start_distance": -1,
      "x_bound_distance": -1,
      "u_bound_distance": -1,
      "num_states": 95,
      "states": [
        [
          0,
          0,
          0
        ],
        [
          0.05,
          0,
          -0.05
        ],
        [
          0.0999375,
          -0.00249896,
          -0.1
        ],
        [
          0.149688,
          -0.00749063,
          -0.15
        ],
        [
          0.199126,
          -0.0149625,
          -0.2
        ],
        [
          0.24813,
          -0.024896,
          -0.25
        ],
        [
          0.296575,
          -0.0372662,
          -0.3
        ],
        [
          0.344342,
          -0.0520422,
          -0.35
        ],
        [
          0.391311,
          -0.0691871,
          -0.4
        ],
        [
          0.437364,
          -0.088658,
          -0.45
        ],
        [
          0.482386,
          -0.110406,
          -0.5
        ],
        [
          0.526265,
          -0.134378,
          -0.55
        ],
        [
          0.568891,
          -0.160512,
          -0.6
        ],
        [
          0.610158,
          -0.188744,
          -0.65
        ],
        [
          0.649962,
          -0.219003,
          -0.7
        ],
        [
          0.688205,
          -0.251214,
          -0.75
        ],
        [
          0.724789,
          -0.285296,
          -0.8
        ],
        [
          0.759624,
          -0.321164,
          -0.85
        ],
        [
          0.792623,
          -0.358728,
          -0.9
        ],
        [
          0.822743,
          -0.396684,
          -0.95
        ],
        [
          0.844211,
          -0.426705,
          -1
        ],
        [
          0.855266,
          -0.443921,
          -1.05
        ],
        [
          0.855375,
          -0.444112,
          -1.1
        ],
        [
          0.845968,
          -0.425628,
          -1.15
        ],
        [
          0.830242,
          -0.390489,
          -1.2
        ],
        [
          0.812124,
          -0.343887,
          -1.25
        ],
        [
          0.796358,
          -0.296438,
          -1.3
        ],
        [
          0.782983,
          -0.24826,
          -1.35
        ],
        [
          0.772033,
          -0.199474,
          -1.4
        ],
        [
          0.763535,
          -0.150202,
          -1.45
        ],
        [
          0.757509,
          -0.100566,
          -1.5
        ],
        [
          0.753973,
          -0.0506911,
          -1.55
        ],
        [
          0.752933,
          -0.000701953,
          -1.6
        ],
        [
          0.754393,
          0.0492767,
          -1.65
        ],
        [
          0.758349,
          0.09912,
          -1.7
        ],
        [
          0.764791,
          0.148703,
          -1.75
        ],
        [
          0.773703,
          0.197903,
          -1.8
        ],
        [
          0.785064,
          0.246595,
          -1.85
        ],
        [
          0.798843,
          0.294659,
          -1.9
        ],
        [
          0.815008,
          0.341974,
          -1.95
        ],
        [
          0.833517,
          0.388422,
          -2
        ],
        [
          0.854324,
          0.433887,
          -2.05
        ],
        [
          0.877378,
          0.478255,
          -2.09983
        ],
        [
          0.902613,
          0.521419,
          -2.14347
        ],
        [
          0.929707,
          0.563442,
          -2.17995
        ],
        [
          0.958315,
          0.604449,
          -2.20748
        ],
        [
          0.988042,
          0.644652,
          -2.22464
        ],
        [
          1.01845,
          0.68434,
          -2.23037
        ],
        [
          1.04909,
          0.723853,
          -2.22377
        ],
        [
          1.07947,
          0.763567,
          -2.20528
        ],
        [
          1.10911,
          0.803836,
          -2.1754
        ],
        [
          1.13753,
          0.844972,
          -2.13639
        ],
        [
          1.16433,
          0.887186,
          -2.09187
        ],
        [
          1.18922,
          0.93055,
          -2.04462
        ],
        [
          1.21203,
          0.975042,
          -1.99657
        ],
        [
          1.23268,
          1.02058,
          -1.94787
        ],
        [
          1.25109,
          1.06706,
          -1.89844
        ],
        [
          1.26718,
          1.11441,
          -1.8489
        ],
        [
          1.28091,
          1.16248,
          -1.79925
        ],
        [
          1.29223,
          1.21118,
          -1.74944
        ],
        [
          1.30112,
          1.26039,
          -1.69944
        ],
        [
          1.30753,
          1.30998,
          -1.64944
        ],
        [
          1.31146,
          1.35982,
          -1.59944
        ],
        [
          1.31289,
          1.4098,
          -1.54947
        ],
        [
          1.31183,
          1.45979,
          -1.49947
        ],
        [
          1.30826,
          1.50966,
          -1.44947
        ],
        [
          1.30221,
          1.55929,
          -1.39947
        ],
        [
          1.29369,
          1.60856,
          -1.34947
        ],
        [
          1.28271,
          1.65734,
          -1.29947
        ],
        [
          1.26931,
          1.70551,
          -1.24947
        ],
        [
          1.25352,
          1.75295,
          -1.19947
        ],
        [
          1.23537,
          1.79955,
          -1.14947
        ],
        [
          1.21493,
          1.84517,
          -1.09947
        ],
        [
          1.19222,
          1.88972,
          -1.04947
        ],
        [
          1.16732,
          1.93308,
          -0.999465
        ],
        [
          1.14028,
          1.97514,
          -0.949465
        ],
        [
          1.11118,
          2.01579,
          -0.899465
        ],
        [
          1.08008,
          2.05494,
          -0.849465
        ],
        [
          1.04706,
          2.09249,
          -0.799465
        ],
        [
          1.01256,
          2.12797,
          -0.749465
        ],
        [
          0.983619,
          2.1549,
          -0.699465
        ],
        [
          0.967343,
          2.1686,
          -0.649465
        ],
        [
          0.968086,
          2.16803,
          -0.599465
        ],
        [
          0.987379,
          2.15485,
          -0.549465
        ],
        [
          1.02293,
          2.13308,
          -0.499465
        ],
        [
          1.06682,
          2.10913,
          -0.449465
        ],
        [
          1.11186,
          2.08741,
          -0.399465
        ],
        [
          1.15792,
          2.06796,
          -0.349465
        ],
        [
          1.2049,
          2.05084,
          -0.299465
        ],
        [
          1.25267,
          2.03609,
          -0.249465
        ],
        [
          1.30112,
          2.02375,
          -0.199465
        ],
        [
          1.35013,
          2.01384,
          -0.149465
        ],
        [
          1.39958,
          2.00639,
          -0.0994651
        ],
        [
          1.44933,
          2.00143,
          -0.0494651
        ],
        [
          1.49927,
          1.99896,
          0.000534878
        ]
      ],
      "num_actions": 94,