{"result": [{"time_stamp": 3.2379e-319, "cost": 100000000, "feasible": 0, "traj_feas": 0, "goal_feas": 0, "start_feas": 0, "col_feas": 0, "x_bounds_feas": 0, "u_bounds_feas": 0, "start": [], "goal": [], "max_jump": -1, "max_collision": -1, "goal_distance": -1, "start_distance": -1, "x_bound_distance": -1, "u_bound_distance": -1, "num_states": 1, "states": [[0.0, 0.0, 0.0]], "num_actions": 2, "actions": [[0.465416, -8.55562e-06], [0.459288, -8.01305e-06]]}, {"time_stamp": 3.2379e-319, "cost": 100000000, "feasible": 0, "traj_feas": 0, "goal_feas": 0, "start_feas": 0, "col_feas": 0, "x_bounds_feas": 0, "u_bounds_feas": 0, "start": [], "goal": [], "max_jump": -1, "max_collision": -1, "goal_distance": -1, "start_distance": -1, "x_bound_distance": -1, "u_bound_distance": -1, "num_states": 34, "states": [[0, 0, 0], [0.0499746, 0, 0.254481], [0.240794, 0.0496361, 0.359454], [0.241642, 0.0499546, 0.461099], [0.241471, 0.0498699, 0.56052], [0.241194, 0.0496962, 0.658914], [0.241544, 0.049967, 0.757028], [0.241402, 0.0498329, 0.855066], [0.241546, 0.0499988, 0.953044], [0.241547, 0.0499993, 1.05096], [0.241547, 0.0499994, 1.14882], [0.241547, 0.0499994, 1.24663], [0.241547, 0.0499994, 1.34438], [0.241547, 0.0499995, 1.44208], [0.241547, 0.0499995, 1.53973], [0.241547, 0.0499995, 1.63734], [0.241547, 0.0499995, 1.7349], [0.241547, 0.0499994, 1.83241], [0.241547, 0.0499994, 1.92989], [0.241547, 0.0499994, 2.02733], [0.241547, 0.0499993, 2.12473], [0.241547, 0.0499992, 2.22211], [0.241547, 0.0499991, 2.31945], [0.241547, 0.0499989, 2.41677], [0.241547, 0.0499986, 2.51405], [0.241548, 0.049998, 2.6113], [0.241815, 0.0498414, 2.70852], [0.241492, 0.0499909, 2.80567], [0.241918, 0.0498421, 2.90267], [0.241517, 0.0499398, 2.99926], [0.240665, 0.0500619, 3.09464], [0.230108, 0.0505579, -3.09515], [0.209501, 0.0496001, -3.00448], [0.0249298, 0.0241326, 3.14006]], "num_actions": 33, "actions": [[0.499746, 2.54481], [1.97169, 1.04972], [0.00905483, 1.01645], [-0.00190557, 0.994214], [-0.00326571, 0.983942], [0.00442193, 0.981138], [-0.00195271, 0.980383], [0.00219864, 0.979778], [6.59291e-06, 0.979184], [6.33091e-07, 0.978599], [4.73724e-07, 0.978052], [3.32004e-07, 0.977528], [2.0587e-07, 0.977018], [1.0248e-07, 0.976521], [6.587e-09, 0.976038], [-9.09483e-08, 0.97558], [-1.99748e-07, 0.975152], [-3.32129e-07, 0.974758], [-5.0615e-07, 0.9744], [-7.50484e-07, 0.974069], [-1.11533e-06, 0.973757], [-1.69361e-06, 0.973454], [-2.66864e-06, 0.973147], [-4.41575e-06, 0.972826], [-9.69725e-06, 0.972481], [-0.0030974, 0.972187], [0.00356361, 0.971511], [-0.00451421, 0.970048], [0.00412694, 0.96581], [0.00860803, 0.953852], [0.105686, 0.933953], [0.206296, 0.90673], [1.8632, -1.38653]], "nodes": 1}]}
