{
  "result": [
    {
      "time_stamp": 6.95286e-310,
      "cost": 7.4,
      "feasible": 0,
      "traj_feas": 0,
      "goal_feas": 0,
      "start_feas": 0,
      "col_feas": 0,
      "x_bounds_feas": 0,
      "u_bounds_feas": 0,
      "start": [],
      "goal": [],
      "max_jump": -1,
      "max_collision": -1,
      "goal_distance": -1,
      "start_distance": -1,
      "x_bound_distance": -1,
      "u_bound_distance": -1,
      "num_states": 75,
      "states": [
        [
          0,
          0,
          0
        ],
        [
          0.05,
          0,
          -0.0497131
        ],
        [
          0.0999382,
          -0.00248463,
          -0.0995777
        ],
        [
          0.149691,
          -0.00745529,
          -0.149578
        ],
        [
          0.199132,
          -0.0149063,
          -0.199578
        ],
        [
          0.248015,
          -0.0247939,
          -0.249578
        ],
        [
          0.296175,
          -0.0370694,
          -0.299578
        ],
        [
          0.343489,
          -0.0516835,
          -0.349578
        ],
        [
          0.389836,
          -0.0685794,
          -0.399578
        ],
        [
          0.434565,
          -0.0874682,
          -0.449578
        ],
        [
          0.473673,
          -0.106339,
          -0.499578
        ],
        [
          0.503855,
          -0.122811,
          -0.549578
        ],
        [
          0.521437,
          -0.133581,
          -0.599578
        ],
        [
          0.523883,
          -0.135252,
          -0.649578
        ],
        [
          0.511253,
          -0.12566,
          -0.699578
        ],
        [
          0.48671,
          -0.105005,
          -0.749578
        ],
        [
          0.455279,
          -0.0757489,
          -0.799578
        ],
        [
          0.421592,
          -0.0410928,
          -0.849578
        ],
        [
          0.389263,
          -0.00432264,
          -0.899578
        ],
        [
          0.358705,
          0.0341516,
          -0.949578
        ],
        [
          0.330016,
          0.0742344,
          -0.999578
        ],
        [
          0.303315,
          0.11578,
          -1.04958
        ],
        [
          0.278703,
          0.158646,
          -1.09958
        ],
        [
          0.256193,
          0.202825,
          -1.14958
        ],
        [
          0.235861,
          0.248207,
          -1.19958
        ],
        [
          0.217771,
          0.294677,
          -1.24958
        ],
        [
          0.201985,
          0.342119,
          -1.29958
        ],
        [
          0.18859,
          0.390291,
          -1.34958
        ],
        [
          0.177619,
          0.439073,
          -1.39958
        ],
        [
          0.1691,
          0.488342,
          -1.44958
        ],
        [
          0.163054,
          0.537975,
          -1.49958
        ],
        [
          0.159496,
          0.587848,
          -1.54958
        ],
        [
          0.158435,
          0.637837,
          -1.5968
        ],
        [
          0.159735,
          0.68782,
          -1.64042
        ],
        [
          0.163213,
          0.737699,
          -1.67756
        ],
        [
          0.168541,
          0.787414,
          -1.70465
        ],
        [
          0.175214,
          0.836967,
          -1.7197
        ],
        [
          0.182631,
          0.886414,
          -1.72263
        ],
        [
          0.190194,
          0.935838,
          -1.71133
        ],
        [
          0.197198,
          0.985346,
          -1.68859
        ],
        [
          0.203073,
          1.035,
          -1.65677
        ],
        [
          0.207367,
          1.08481,
          -1.61753
        ],
        [
          0.209702,
          1.13476,
          -1.57326
        ],
        [
          0.209826,
          1.18476,
          -1.52683
        ],
        [
          0.207628,
          1.23471,
          -1.47986
        ],
        [
          0.203088,
          1.2845,
          -1.43274
        ],
        [
          0.196207,
          1.33403,
          -1.38545
        ],
        [
          0.186993,
          1.38317,
          -1.33797
        ],
        [
          0.175456,
          1.43182,
          -1.29026
        ],
        [
          0.161613,
          1.47987,
          -1.24231
        ],
        [
          0.145482,
          1.5272,
          -1.19409
        ],
        [
          0.127089,
          1.57369,
          -1.14557
        ],
        [
          0.106463,
          1.61924,
          -1.09671
        ],
        [
          0.0836366,
          1.66372,
          -1.04749
        ],
        [
          0.0586492,
          1.70703,
          -0.997868
        ],
        [
          0.0315445,
          1.74905,
          -0.947868
        ],
        [
          0.00237372,
          1.78966,
          -0.897868
        ],
        [
          -0.0287902,
          1.82876,
          -0.847868
        ],
        [
          -0.0618693,
          1.86625,
          -0.797868
        ],
        [
          -0.0967811,
          1.90204,
          -0.747868
        ],
        [
          -0.133438,
          1.93605,
          -0.697868
        ],
        [
          -0.171749,
          1.96818,
          -0.647868
        ],
        [
          -0.211617,
          1.99835,
          -0.597868
        ],
        [
          -0.251878,
          2.02577,
          -0.547868
        ],
        [
          -0.285577,
          2.04633,
          -0.497868
        ],
        [
          -0.307767,
          2.05839,
          -0.447868
        ],
        [
          -0.313957,
          2.06137,
          -0.397868
        ],
        [
          -0.30217,
          2.05641,
          -0.347868
        ],
        [
          -0.274347,
          2.04632,
          -0.297868
        ],
        [
          -0.235561,
          2.03442,
          -0.247868
        ],
        [
          -0.191247,
          2.0232,
          -0.197868
        ],
        [
          -0.144867,
          2.0139,
          -0.147868
        ],
        [
          -0.09763,
          2.00687,
          -0.0978684
        ],
        [
          -0.0493699,
          2.00213,
          -0.048389
        ],
        [
          -0.0000694015,
          1.99974,
          -0.000085047
        ]
      ],
      "num_actions": 74,