{"actions": [[0, 0], [2.460363, 5.422147], [1.304107, 2.214499], [1.122317, 1.391109], [1.06765, 0.6432216], [0.9841446, 0.1474692], [1.233332, 0.3616001], [0.8240309, -0.08875283], [0.8531961, 0.09475091], [0.8401527, 0.376142], [0.802672, 0.6473341], [0.8196457, 0.7117763], [0.868271, 0.5872435], [0.8046711, 0.4737089], [0.8658712, -0.05001485], [0.9479619, -0.2967744], [0.9620081, -0.2769616], [0.9175323, -0.1719704], [0.9096025, -0.1023406], [0.9159527, -0.1486102], [0.9159527, -0.1486102], [0.773298, -0.02946201], [0.7979826, -0.09932557], [0.7554426, -0.1849436], [0.6818114, -0.1758421], [0.6466941, -0.2212305], [0.6609547, -0.453094], [0.6609547, -0.453094], [0.3824896, -0.4562343], [0.2933059, -0.4610264], [0.2046649, -0.4954547], [0.1023896, -0.4501676], [0.008224591, -0.5870817], [0.008224591, -0.5870817], [0.008224591, -0.5870817], [0.008224591, -0.5870817]], "states": [[0.0005493495, 0.0, -0.1147134, 110674000], [0.04628388, -0.003162363, -0.006372917, 201222000], [0.1632155, 0.01344619, 0.325021, 307032000], [0.238142, 0.04546015, 0.4843453, 396284000], [0.3236421, 0.1016853, 0.6691609, 491906000], [0.4129376, 0.1829839, 0.7966203, 594609000], [0.4919764, 0.269976, 0.8603496, 689976000], [0.5830379, 0.3828332, 0.9113337, 799710000], [0.652794, 0.474372, 0.917707, 891333000], [0.721737, 0.563068, 0.8985871, 986022000], [0.7957248, 0.6540689, 0.879468, 1091404000], [0.8587397, 0.7313365, 0.8985871, 1184987000], [0.9246006, 0.8178853, 0.9495706, 1290560000], [0.9786907, 0.8973467, 1.000554, 1387132000], [1.033963, 0.988455, 1.051539, 1496470000], [1.080823, 1.073021, 1.077029, 1588525000], [1.130633, 1.16349, 1.051537, 1683331000], [1.191182, 1.265207, 1.019675, 1789540000], [1.248296, 1.353873, 0.9814363, 1883196000], [1.318311, 1.454054, 0.9368268, 1991583000], [1.384707, 1.54124, 0.8922144, 2090080000], [1.460546, 1.631408, 0.8476034, 2196495000], [1.527779, 1.703898, 0.7966199, 2286978000], [1.595967, 1.771252, 0.7392639, 2380900000], [1.670743, 1.83508, 0.6627903, 2482595000], [1.739543, 1.885681, 0.5926861, 2576014000], [1.811891, 1.93054, 0.5162094, 2679460000], [1.881277, 1.966145, 0.4397356, 2778591000], [1.947917, 1.993208, 0.3250208, 2883443000], [1.994786, 2.006017, 0.2039305, 2974611000], [2.033112, 2.011365, 0.05735827, 3080390000], [2.052877, 2.011505, -0.05735667, 3171180000], [2.059708, 2.010821, -0.1656991, 3267450000], [2.059708, 2.010821, -0.1656991, 3371206000], [2.059708, 2.010821, -0.1656991, 3467224000], [2.059708, 2.010821, -0.1656991, 3572611000]], "trajectory": "/trajectories/curve.json", "gains": [3, 3, 3]}