{"actions": [[0, 0], [2.005884, 7.254765], [0.774111, 2.132939], [0.8910173, 0.6009602], [0.9462138, -0.141716], [0.9798922, -0.3206632], [1.087731, 0.07272726], [1.087731, 0.07272726], [1.070985, 1.020055], [1.084773, 0.9079594], [1.096564, 0.5741759], [1.091974, 0.2274733], [1.068487, 0.0882063], [1.041398, 0.03581832], [1.055319, 0.3631305], [1.027652, 0.4111372], [1.012825, 0.2504024], [1.002383, -0.02283609], [0.9824606, -0.1060146], [0.9446405, 0.005609423], [0.9446405, 0.005609423], [0.8915348, 0.3119488], [0.8443967, 0.2461375], [0.8123336, -0.1307942], [0.7775627, -0.3932584], [0.7256925, -0.4468179], [0.6793308, -0.5601535], [0.6793308, -0.5601535], [0.4851122, -0.4885342], [0.375697, -0.4703873], [0.2682851, -0.5526847], [0.1498067, -0.5109723], [0.03235231, -0.5959472], [0.03370999, -0.4784012], [0.03370999, -0.4784012], [0.03370999, -0.4784012]], "states": [[-0.0002746749, 0.0, -0.1593241, 110858000], [0.02370842, -0.002944758, -0.07010263, 200997000], [0.09987705, 0.005718779, 0.3313941, 295321000], [0.1567215, 0.03470522, 0.5926857, 398023000], [0.213929, 0.08092478, 0.7456365, 490337000], [0.2827595, 0.1495855, 0.7966208, 595360000], [0.3512922, 0.2197188, 0.7902472, 688691000], [0.4306757, 0.2988185, 0.7647554, 787856000], [0.5189775, 0.3829367, 0.7647554, 889257000], [0.6013267, 0.4664315, 0.8221122, 983773000], [0.6875465, 0.5675776, 0.9113338, 1088918000], [0.7591867, 0.6642089, 0.9623166, 1181412000], [0.8373341, 0.7791331, 0.987809, 1287191000], [0.907218, 0.8853839, 0.9814364, 1385282000], [0.9781404, 0.9892813, 0.9686913, 1482837000], [1.054981, 1.100114, 0.9623187, 1587953000], [1.122872, 1.198767, 0.9623187, 1681894000], [1.19634, 1.308242, 0.9878076, 1785842000], [1.262545, 1.406714, 0.9623173, 1881098000], [1.33851, 1.512099, 0.917705, 1986894000], [1.413002, 1.603382, 0.8603462, 2085247000], [1.490357, 1.688207, 0.8093683, 2182439000], [1.572919, 1.770721, 0.7647545, 2285940000], [1.645193, 1.839803, 0.7520093, 2378854000], [1.722204, 1.9086, 0.7010257, 2478691000], [1.792957, 1.963437, 0.611804, 2572278000], [1.873165, 2.014857, 0.5162124, 2678337000], [1.944232, 2.050752, 0.4142427, 2774265000], [2.011003, 2.076784, 0.3186485, 2868245000], [2.07217, 2.093492, 0.1975638, 2971376000], [2.115885, 2.100014, 0.08922143, 3065226000], [2.149081, 2.101157, -0.03186325, 3168520000], [2.162769, 2.100099, -0.146581, 3259996000], [2.164935, 2.09973, -0.1975645, 3368079000], [2.164935, 2.09973, -0.1975645, 3461226000], [2.164935, 2.09973, -0.1975645, 3573591000]], "trajectory": "/trajectories/curve.json", "gains": [1, 4, 4]}