{"actions": [[0, 0], [2.207946, 2.232902], [0.7549222, 1.467946], [0.871384, 1.026918], [0.9382608, 0.5887163], [0.98881, 0.2451313], [1.086532, 0.3461754], [1.086532, 0.3461754], [1.083277, 0.09325054], [1.127131, 0.2265946], [1.126101, 0.2978733], [1.13143, 0.4664052], [1.129196, 0.5274072], [1.097334, 0.5273069], [1.115372, 0.4722096], [1.096071, 0.2588241], [1.08363, 0.1588819], [1.076962, 0.0534646], [1.056267, 0.1446523], [1.030794, 0.2352878], [1.030794, 0.2352878], [0.968439, -0.1545472], [0.9213718, -0.2682053], [0.8793557, -0.1768917], [0.8223329, -0.1005111], [0.7677114, -0.1132523], [0.7388159, -0.3116271], [0.7388159, -0.3116271], [0.5203341, -0.2643981], [0.4116688, -0.3402364], [0.2986364, -0.4136806], [0.1747673, -0.4752835], [0.05284596, -0.6495308], [0.05195334, -0.5832249], [0.05195334, -0.5832249], [0.05195334, -0.5832249]], "states": [[0.001922723, 0.0, 0.2103078, 101386000], [0.03455305, 0.007611461, 0.2485456, 204206000], [0.1131746, 0.03211268, 0.3760049, 296249000], [0.1692683, 0.05921156, 0.5225828, 399837000], [0.2235156, 0.09561596, 0.6500422, 490911000], [0.283681, 0.1469202, 0.7520094, 585079000], [0.3509593, 0.2144041, 0.8221117, 688184000], [0.4188693, 0.2903702, 0.8667229, 788601000], [0.4913055, 0.3776689, 0.885842, 894641000], [0.5576795, 0.459287, 0.8922139, 987040000], [0.6351252, 0.5563204, 0.9049604, 1092520000], [0.7059003, 0.6460263, 0.9049612, 1187060000], [0.778882, 0.7388891, 0.9049612, 1282077000], [0.8619522, 0.8444342, 0.9113338, 1390189000], [0.935216, 0.9412376, 0.936824, 1488371000], [1.011772, 1.047895, 0.9623172, 1593654000], [1.078173, 1.144572, 0.9814363, 1687615000], [1.152924, 1.254174, 0.9623186, 1793796000], [1.221128, 1.348567, 0.9240788, 1886964000], [1.296101, 1.443693, 0.8794695, 1984836000], [1.382781, 1.546655, 0.8667243, 2094539000], [1.454247, 1.630826, 0.8667243, 2186788000], [1.533629, 1.721211, 0.8284831, 2291455000], [1.604592, 1.792371, 0.7392639, 2383454000], [1.687113, 1.861477, 0.6500422, 2487011000], [1.759832, 1.912254, 0.5671928, 2577969000], [1.842662, 1.959334, 0.4716012, 2683625000], [1.914367, 1.991345, 0.3696316, 2776491000], [1.983538, 2.014803, 0.2804128, 2872530000], [2.044807, 2.028887, 0.1720732, 2974693000], [2.087874, 2.034056, 0.05735259, 3067829000], [2.121089, 2.034187, -0.06373209, 3171417000], [2.134198, 2.032825, -0.1656991, 3262770000], [2.136628, 2.032374, -0.2103071, 3372036000], [2.136628, 2.032374, -0.2103071, 3465214000], [2.136628, 2.032374, -0.2103071, 3566031000]], "trajectory": "/trajectories/curve.json", "gains": [1, 3, 3]}