{"actions": [[0, 0], [1.84628, 10.66968], [0.7471638, -0.1024907], [0.8459617, -0.9391778], [0.916644, -0.5143549], [0.9974569, 0.4163967], [1.089388, 1.060717], [1.089388, 1.060717], [1.077454, 0.9225574], [1.095258, 0.2460909], [1.098971, -0.1955], [1.094782, -0.1810638], [1.094296, -0.09175401], [1.094296, -0.09175401], [1.084544, 0.3231276], [1.075452, 0.2438203], [1.049653, 0.1615765], [1.058286, 0.008926004], [1.027529, 0.1810451], [1.028638, 0.3485325], [1.028638, 0.3485325], [0.9410063, -0.06800902], [0.9066239, -0.1499714], [0.8766745, -0.1281011], [0.8332632, -0.1285121], [0.7734472, -0.1549366], [0.7432415, -0.6610756], [0.7432415, -0.6610756], [0.5242171, -0.5336821], [0.4250689, -0.6619841], [0.3096457, -0.5879724], [0.1929487, -0.6734507], [0.07108956, -0.7544418], [0.07159981, -0.6054851], [0.07159981, -0.6054851], [0.07159981, -0.6054851]], "states": [[-0.0005493492, 0.0, -0.356886, 101413000], [0.023878, -0.006257236, -0.1274593, 197231000], [0.1165012, 0.02027744, 0.6245505, 300312000], [0.1618332, 0.05890852, 0.7583832, 391924000], [0.2193372, 0.1136302, 0.7520099, 495372000], [0.2790826, 0.166717, 0.7073992, 585997000], [0.3601792, 0.2345843, 0.6882808, 693370000], [0.4353677, 0.2988003, 0.7265183, 785682000], [0.5134677, 0.3744488, 0.8157393, 882076000], [0.5932685, 0.4691257, 0.9240795, 987643000], [0.6576827, 0.5608092, 0.9878095, 1081463000], [0.7271317, 0.6686512, 1.006929, 1185972000], [0.7900434, 0.768611, 1.006929, 1281234000], [0.8620819, 0.8819726, 1.000555, 1388964000], [0.9263844, 0.9793991, 0.9814369, 1481792000], [0.9923151, 1.078386, 0.9878081, 1576511000], [1.066388, 1.19076, 0.9878096, 1682720000], [1.12962, 1.285934, 0.9750629, 1773296000], [1.204529, 1.393416, 0.9431972, 1879340000], [1.276566, 1.488036, 0.8985878, 1976220000], [1.359632, 1.590419, 0.8858426, 2085813000], [1.431096, 1.676028, 0.8603496, 2179724000], [1.50323, 1.757056, 0.8157414, 2273936000], [1.583999, 1.837451, 0.7328923, 2377341000], [1.655566, 1.899123, 0.6819087, 2468304000], [1.737845, 1.960126, 0.5990567, 2571924000], [1.809908, 2.007, 0.5544488, 2665233000], [1.893299, 2.052506, 0.4524819, 2774735000], [1.958626, 2.08061, 0.356882, 2867272000], [2.016095, 2.099218, 0.2549209, 2960231000], [2.068009, 2.109774, 0.1338333, 3063885000], [2.100836, 2.112575, 0.03186631, 3156118000], [2.120867, 2.112009, -0.1019664, 3257870000], [2.125494, 2.111391, -0.1848128, 3353613000], [2.126034, 2.111288, -0.1975608, 3462536000], [2.126034, 2.111288, -0.1975608, 3559729000]], "trajectory": "/trajectories/curve.json", "gains": [1, 3, 5]}